Consumi,Reddito,SCivile,NComp,Eta,Sesso
31600,64800,1,4,54,F
54100,75100,2,4,11,M
55215.709426,52715.709426,2,4,16,F
21060,23102,1,3,71,M
60539,58370,2,7,7,F
13800,17540,4,1,77,F
21720,24500,2,3,19,M
24000,27400,2,1,30,M
34400,51400,1,3,57,M
49600,46770,2,6,12,M
16800,24100,2,4,6,M
19200,32920,4,2,84,M
21600,45375,2,3,54,M
29600,37620,2,4,41,M
34060,54512,1,3,64,F
34100,33200,1,4,39,F
17492.650152,32392.650152,3,3,51,F
13016,20900,2,4,2,F
21600,23800,2,3,6,M
31900,32009,1,2,69,F
13000,21990,2,1,68,M
26400,43300,1,2,68,F
32100,43000,2,5,22,F
20400,30150,2,3,38,F
41100,90000,2,3,23,M
49600,52140,2,3,28,M
13600,25000,1,3,32,M
23300,30240,1,2,75,M
13400,19800,1,4,64,M
14400,15850,3,4,51,F
18500,38500,1,5,37,F
51200,43200,2,4,18,F
54400,71700,2,3,14,M
42500,50500,1,3,45,F
41800,62500,2,5,0,F
15600,30300,1,2,65,M
20400,23600,2,3,14,M
22800,25600,1,2,86,M
51000,89800,1,2,65,M
60000,49185.697795,2,5,23,M
11600,19000,1,1,41,F
44400,48400,1,4,49,F
22600,23000,1,3,43,F
18000,51450,1,3,72,F
12000,20613,1,2,91,F
13600,18200,2,5,36,M
34400,48400,2,3,15,F
16450,24991,2,1,77,M
29395.556054,37195.556054,1,4,33,F
28600,32600,1,4,55,M
19050,41600,2,4,25,M
38400,22800,1,1,30,M
26400,35123,1,3,61,M
27900,27900,1,2,53,F
36100,44600,1,4,45,F
21900,56150,1,5,51,M
60000,91700,2,5,12,F
19800,27525,2,3,3,M
24500,42450,1,3,63,M
29800,30800,1,4,54,M
26400,31800,1,4,40,M
34630,45700,2,4,27,F
21600,33190,2,2,35,F
13200,17600,1,4,48,M
15000,16940,1,2,67,F
39800,60000,3,3,54,M
28300,51900,1,2,52,F
22800,39000,4,3,86,F
23400,25000,1,4,40,M
14400,34000,1,4,55,F
8736,20000,3,3,55,F
36900,30500,1,4,53,M
37000,41000,1,4,48,F
44200,60980,1,6,80,M
24800,37000,2,4,24,M
34800,53150,1,3,41,F
16800,26400,2,5,21,F
82650,94150,1,4,50,M
32400,50800,1,2,73,M
17650,19600,1,2,56,F
36700,58244,1,2,75,M
48600,57400,1,4,58,F
48000,78000,1,4,63,F
14400,29100,2,6,11,F
49300,45600,2,4,5,M
61000,83000,2,2,59,M
18600,23400,2,3,4,F
56500,60000,1,3,46,M
20900,32485,1,3,78,M
36600,40100,2,4,18,F
27600,29000,3,1,35,F
14196,16000,1,2,57,F
19200,32250,1,2,72,F
22800,32500,1,3,64,M
27200,34160,2,4,28,M
15600,15600,2,6,12,M
25800,23390,1,2,78,F
24500,37500,1,3,62,M
42850,61400,1,5,48,M
22800,29200,1,3,63,F
15000,17880,3,1,63,M
24000,32200,2,4,24,F
42850,61400,1,5,38,F
32000,46880,1,2,68,F
29100,33500,1,2,66,M
35400,31400,1,4,51,F
16200,20480,1,2,86,F
24400,27750,1,6,28,F
20600,19100,1,3,52,F
17100,27145,2,4,2,F
37000,39000,1,5,50,F
22800,25400,2,4,11,F
32400,34500,2,2,91,F
19200,21000,2,4,30,M
18200,16300,3,3,46,F
18000,21500,2,1,64,M
21600,16900,1,2,76,M
34800,60800,2,3,42,M
42000,63400,1,2,70,F
41395.279487,49595.279487,2,5,17,M
14400,15295,4,2,70,F
26600,29600,2,3,27,M
22800,27500,2,1,69,M
27700,47554.185192,1,4,53,M
32000,28400,2,4,48,M
42000,48600,1,4,52,M
22800,35307,1,3,61,F
25200,37000,1,4,43,F
68000,76750,1,2,75,F
32500,40366,4,3,79,F
48370,63267,2,4,24,F
30000,41250,4,6,83,M
18000,31000,2,4,23,M
15600,28600,1,4,73,F
21600,27550,1,2,71,M
24800,28800,2,1,34,F
19500,23600,2,3,1,M
15000,16000,2,4,21,F
18350,18870,1,2,69,F
15000,25350,2,3,23,F
19200,25200,1,4,56,M
21200,31380,1,2,76,M
30000,47000,1,5,39,F
49600,71840,2,3,25,F
16800,26800,1,4,45,M
20900,21700,1,2,64,F
32400,43600,2,5,24,F
55300,80100,2,5,23,F
26400,18000,2,5,9,F
16800,42500,2,4,33,F
36000,53400,2,4,27,M
25200,40200,1,5,39,F
44100,46000,1,4,42,M
19900,24000,2,1,35,F
21000,33800,1,3,54,F
25200,39600,1,4,43,F
24500,50200,1,2,40,F
16800,33900,1,3,35,M
18400,20307.75782,1,2,67,M
52400,43600,2,3,21,F
55178.737815,93478.737815,2,4,30,M
57600,46000,1,4,49,F
26100,27000,2,2,51,F
38600,64000,1,3,55,F
15000,18600,1,2,70,F
23400,29651,4,2,84,F
18000,19200,1,3,39,F
16200,21000,1,2,67,F
16800,27810,1,2,64,F
18000,28300,1,3,57,F
30650,38800,2,4,31,M
45200,59500,2,4,1,F
42290,58970,1,2,63,M
10800,26510,1,2,62,M
21600,32200,1,4,50,M
45500,56400,1,3,49,F
37600,47360,1,2,64,F
25440,18000,1,4,37,M
84000,69440,2,3,42,M
39200,41200,1,3,70,M
31300,57650,1,4,61,F
14400,27400,1,3,59,F
14400,23650,1,2,62,F
31600,22800,1,2,64,F
14764,17200,4,3,67,F
20300,26000,1,2,44,M
33400,35680,1,3,40,F
22200,16600,2,5,7,M
29000,21000,2,7,17,M
31200,53250,1,3,60,F
19200,18500,1,5,44,F
28800,50600,1,3,52,F
40400,43660,1,2,66,F
15000,31650,1,6,38,F
17750,20881,4,1,73,F
18000,23400,2,4,17,M
20400,18400,2,4,18,M
23400,20400,2,5,10,M
14050,16550,2,3,12,M
20160,20000,1,2,40,F
19200,39600,1,3,54,M
14100,18000,1,5,34,F
20400,24150,1,4,43,F
31200,32200,2,3,23,F
13200,18000,4,1,51,F
31700,34400,2,5,16,F
21600,41350,1,2,75,F
18120,17000,2,6,19,M
45400,72900,1,5,50,F
24120,22700,1,4,60,M
52950,36150,2,4,24,F
27350,33210,1,2,65,F
24000,49600,2,4,56,M
24000,36240,1,3,67,M
20400,23000,2,4,19,M
21600,27640,1,3,45,F
38400,61000,3,1,61,F
25600,41400,1,3,32,F
21600,19435,1,2,71,M
45350,76350,2,4,17,F
15600,17540,1,2,70,M
16560,30560,1,3,59,M
37500,45500,2,4,6,F
43460,68106,2,4,19,M
15600,24200,1,2,60,F
21600,38660,1,3,67,M
23640,27900,1,5,35,F
13200,17480,1,2,72,M
19200,17600,1,2,74,F
33700,29590,2,3,23,M
23400,27000,2,1,41,F
18000,19600,2,2,10,F
11400,19410,4,1,88,F
12000,18000,1,2,32,M
23000,47600,2,4,2,F
30000,30700,1,2,67,M
46400,50200,2,3,18,F
37400,29140,1,2,74,F
21000,38900,1,5,34,F
25250,26200,1,4,35,M
12000,16700,2,1,47,F
22400,38100,1,2,31,F
40250,38546,3,3,46,F
20400,25500,2,3,27,M
19600,22500,1,4,33,F
27600,35500,1,3,28,F
61600,49600,2,3,4,M
15900,21400,2,2,29,M
24000,55450,1,3,65,M
14300,17250,1,2,66,F
60000,49185.697795,2,5,14,M
14400,32400,2,2,31,M
20160,27920,1,4,50,M
22200,31400,2,4,26,F
21600,24800,4,1,70,M
31200,32000,1,2,66,M
29800,38800,1,6,43,F
14460,18000,1,4,42,M
21600,27090,1,2,72,M
22100,29140,1,3,71,F
18000,19450,1,2,70,F
12600,16000,2,3,5,M
34299,49200,2,4,12,M
20400,30150,1,3,69,F
14160,17160,1,4,43,F
53600,60240,1,4,37,M
16200,21200,1,3,48,F
44200,61700,1,2,65,M
8040,27500,2,3,35,M
24000,37100,1,4,58,M
40200,44600,1,3,43,F
28800,37800,2,3,12,M
23500,41100,2,4,10,F
22200,22750,4,2,73,F
42100,67136,1,4,62,F
44600,80700,2,3,35,M
21000,25100,2,5,19,M
30000,35100,4,2,76,M
22450,33240,1,4,61,F
17360,26900,1,5,45,F
45600,64600,1,3,58,M
22869,35180,4,2,84,F
18500,18970,3,3,85,F
29700,29680,4,2,78,F
24000,38190,2,4,42,F
15700,23030,1,2,72,M
32900,59100,2,1,70,F
19500,42500,1,4,45,F
46000,42900,1,4,37,F
27600,50600,2,4,6,F
19050,41600,1,4,54,F
41400,41700,2,4,33,F
31000,53400,2,6,8,F
41800,87300,1,3,51,F
26650,30680,2,3,26,M
60000,79400,1,3,71,M
14100,16000,2,1,33,M
24000,50209.78346,3,2,50,M
24600,56500,2,8,11,F
18000,34100,2,4,21,M
17400,15510,1,3,42,F
15350,18675,2,3,25,M
25200,24000,1,4,29,F
37400,38900,1,2,67,F
22100,36600,1,3,52,F
15400,19975,2,1,82,F
16200,17241,1,2,67,M
11160,23000,1,3,47,F
50400,53450,1,4,59,M
32650,34600,1,2,29,F
50200,51100,2,4,8,M
16800,24300,4,2,59,F
33900,57600,1,2,46,M
16250,17695,1,2,68,F
36000,56000,2,4,8,M
24600,25000,2,3,21,F
21000,18000,4,2,29,F
17400,20900,1,5,42,F
22800,31480,1,2,82,M
26400,38400,1,3,50,M
33600,26450,1,5,32,F
17760,18734,2,1,76,M
15000,15010,2,1,60,M
30000,53500,2,4,36,M
14400,15400,1,3,50,M
49200,57800,1,4,53,M
37981.548988,42751.548988,1,2,65,F
25200,50000,2,4,18,M
49607.26736,59591.26736,1,4,71,M
23400,26800,2,3,30,M
40800,54850,1,4,58,M
14400,22200,4,1,55,M
13200,21400,2,4,9,F
11300,39000,1,4,41,M
14400,29100,2,6,2,F
59000,65150,4,4,83,F
43900,45600,2,4,18,M
30800,52000,1,4,47,M
24060,25200,1,2,75,F
16800,17700,4,1,81,M
15000,32000,3,2,49,F
28100,37700,1,2,49,F
20500,42850,1,3,70,M
27200,31400,2,3,0,F
27600,53800,1,2,68,M
6300,22300,3,1,42,F
11160,35200,1,5,47,F
31000,67000,1,3,49,F
20400,35750,2,6,24,M
49200,84200,1,4,52,F
13560,32700,1,4,55,M
24080,28900,2,4,22,M
23200,28190,1,2,68,F
15000,20000,1,5,44,F
11100,17400,1,4,34,M
37600,43500,2,5,19,M
14280,17200,2,4,22,F
21500,26800,2,5,15,M
41600,43600,2,5,17,F
27200,34200,2,3,20,F
18200,17200,1,3,53,M
56400,78072.288295,2,4,4,F
27600,58300,2,4,12,F
36600,56600,1,3,45,F
36000,53600,4,4,51,F
29500,22400,1,2,58,M
17400,20800,2,4,10,M
7440,17605,2,2,39,M
50400,64900,1,4,51,F
14400,19600,1,3,34,M
14400,15945,1,2,72,F
17280,34680,2,4,10,M
19500,20530,4,1,83,F
27600,26600,1,3,52,M
26300,29200,2,1,32,M
14050,16550,2,3,10,F
15600,23286,1,2,64,M
23800,51200,1,3,52,M
13800,21910,1,4,48,F
15200,15200,1,5,44,M
45825,71713,1,3,64,M
46800,55600,1,4,69,M
35700,37820,2,2,52,M
37200,38000,2,5,7,M
24440,16677,1,2,50,F
40200,44600,2,3,9,F
20200,33100,1,4,37,M
16800,19100,1,2,69,F
61600,49600,1,3,35,F
12600,27000,1,2,40,M
24000,36250,2,3,29,M
50400,84250,1,2,85,M
22200,41100,1,3,41,F
17400,20000,1,2,31,F
26900,46280,2,3,31,M
18000,19000,1,4,44,M
24000,36000,3,1,54,M
26400,25000,1,2,38,M
24300,40600,4,1,76,F
28200,38060,1,2,63,M
26600,23000,1,2,39,F
13800,85685,1,2,62,M
19200,42200,1,2,31,F
16400,16400,1,2,82,M
23700,23600,2,1,51,M
21600,33900,1,2,84,M
41200,68200,2,4,28,F
21900,34600,2,3,11,F
35690,42938,2,4,15,M
28600,37100,2,3,12,F
15000,32000,1,3,44,M
34160,39580.209041,1,2,59,F
20400,34800,1,4,54,M
30000,60300,1,4,59,F
26400,35600,1,2,75,F
23400,45200,1,2,42,M
32194.363775,26394.363775,1,4,39,F
16800,28300,1,3,44,F
43000,59650,1,4,45,F
20400,44700,2,3,31,M
37350,59477,1,2,70,F
36000,66500,2,4,24,M
29500,36500,1,4,40,M
54300,50550,2,5,27,M
12700,24500,2,4,7,M
48000,74000,1,5,40,M
15900,26400,2,2,28,F
22800,31500,1,2,62,M
31200,40000,2,5,16,F
27600,38900,2,4,32,F
22200,38200,1,4,40,F
19224,24000,2,5,1,F
21750,25600,2,3,29,F
31000,24500,1,4,42,F
33000,42000,2,3,22,M
32400,44300,2,2,63,F
21600,19435,1,2,67,F
19020,18000,1,5,40,F
18000,39000,1,3,56,M
21600,38660,1,3,64,F
20400,35700,1,2,72,F
27600,28863,1,2,57,F
21800,24120,2,2,33,F
34200,36800,1,3,43,M
16800,43100,2,2,31,M
23200,25000,1,3,36,M
22000,39000,1,2,41,F
27630,38380,1,3,45,M
18000,18900,4,1,72,F
36000,33700,2,4,31,F
36000,53400,2,4,24,M
16800,44700,1,4,45,F
31200,28200,1,5,45,M
29800,38800,2,6,22,M
36400,43450,2,3,39,F
19700,22195,1,2,69,M
29400,40810,2,3,30,M
15600,24580,1,2,66,M
27800,22400,1,3,40,M
27600,32850,1,2,77,M
16800,32000,1,2,50,M
39200,53800,2,5,6,M
26700,42200,1,2,34,F
28560,28940,1,3,49,F
22800,23000,2,3,22,F
43200,73700,2,3,14,F
12300,15300,1,3,52,F
24600,56500,1,8,55,F
30000,51150,2,3,29,F
48000,37000,1,4,62,M
48000,37000,1,4,61,F
32400,46400,1,2,40,M
24060,25200,1,2,88,M
31200,40060,1,3,79,F
9600,22000,1,3,35,F
39600,58700,2,3,69,F
34800,39410,4,2,77,M
17530,30400,2,1,41,M
13440,16106,1,2,80,F
18300,22600,1,4,45,F
60410,52050,1,3,50,M
19800,24400,2,5,23,M
33600,26450,1,5,47,M
29800,88000,2,3,14,M
32200,42900,1,3,63,F
48600,46400,2,4,9,M
26640,53769,1,2,57,F
17400,26500,2,2,80,F
30800,40100,1,3,58,F
38400,44400,2,5,22,M
32260,21500,1,3,32,F
21600,30500,1,3,48,F
16200,19065,1,2,81,F
36497.373962,47997.373962,1,3,53,M
20400,21600,1,3,69,M
48800,31600,2,1,24,M
28100,37700,1,2,55,M
39600,64100,2,5,28,M
24430,32151,4,1,61,F
21000,36200,3,3,57,F
